
SET SQL_MODE = "NO_AUTO_VALUE_ON_ZERO";
SET time_zone = "+00:00";


/*!40101 SET @OLD_CHARACTER_SET_CLIENT=@@CHARACTER_SET_CLIENT */;
/*!40101 SET @OLD_CHARACTER_SET_RESULTS=@@CHARACTER_SET_RESULTS */;
/*!40101 SET @OLD_COLLATION_CONNECTION=@@COLLATION_CONNECTION */;
/*!40101 SET NAMES utf8mb4 */;

--
-- Database: `openlineeditor`
--

-- --------------------------------------------------------

--
-- Estrutura da tabela `agencies`
--

CREATE TABLE `agencies` (
  `agency_id` int(10) UNSIGNED NOT NULL,
  `agency_name` varchar(60) COLLATE utf8_unicode_ci NOT NULL,
  `agency_url` varchar(100) COLLATE utf8_unicode_ci NOT NULL,
  `agency_timezone` char(2) COLLATE utf8_unicode_ci NOT NULL,
  `created_at` timestamp NULL DEFAULT NULL,
  `updated_at` timestamp NULL DEFAULT NULL
) ENGINE=MyISAM DEFAULT CHARSET=utf8 COLLATE=utf8_unicode_ci;

--
-- Extraindo dados da tabela `agencies`
--

INSERT INTO `agencies` (`agency_id`, `agency_name`, `agency_url`, `agency_timezone`, `created_at`, `updated_at`) VALUES
(1, 'Circullare - Poços de Caldas', 'http://www.circullare.com.br/', 'BR', '2016-11-07 02:06:25', '2016-11-07 02:06:25');

-- --------------------------------------------------------

--
-- Estrutura da tabela `calendars`
--

CREATE TABLE `calendars` (
  `service_id` int(10) UNSIGNED NOT NULL,
  `monday` int(11) NOT NULL,
  `tuesday` int(11) NOT NULL,
  `wednesday` int(11) NOT NULL,
  `thursday` int(11) NOT NULL,
  `friday` int(11) NOT NULL,
  `saturday` int(11) NOT NULL,
  `sunday` int(11) NOT NULL,
  `start_date` varchar(8) COLLATE utf8_unicode_ci NOT NULL,
  `end_date` varchar(8) COLLATE utf8_unicode_ci NOT NULL,
  `created_at` timestamp NULL DEFAULT NULL,
  `updated_at` timestamp NULL DEFAULT NULL
) ENGINE=MyISAM DEFAULT CHARSET=utf8 COLLATE=utf8_unicode_ci;

--
-- Extraindo dados da tabela `calendars`
--

INSERT INTO `calendars` (`service_id`, `monday`, `tuesday`, `wednesday`, `thursday`, `friday`, `saturday`, `sunday`, `start_date`, `end_date`, `created_at`, `updated_at`) VALUES
(1, 1, 1, 1, 1, 1, 1, 0, '20161107', '20171107', '2016-11-07 02:09:03', '2016-11-07 02:09:03'),
(2, 1, 1, 1, 1, 1, 1, 0, '20161107', '20171107', '2016-11-07 02:09:09', '2016-11-07 02:09:09');

-- --------------------------------------------------------

--
-- Estrutura da tabela `migrations`
--

CREATE TABLE `migrations` (
  `migration` varchar(255) COLLATE utf8_unicode_ci NOT NULL,
  `batch` int(11) NOT NULL
) ENGINE=InnoDB DEFAULT CHARSET=utf8 COLLATE=utf8_unicode_ci;

--
-- Extraindo dados da tabela `migrations`
--

INSERT INTO `migrations` (`migration`, `batch`) VALUES
('2014_10_12_000000_create_users_table', 1),
('2014_10_12_100000_create_password_resets_table', 1),
('2016_04_22_212416_create_agencies_table', 1),
('2016_04_22_214046_create_shapes_table', 1),
('2016_04_22_214617_create_calendars_table', 1),
('2016_04_22_215040_create_routes_table', 1),
('2016_04_22_215958_create_trips_table', 1),
('2016_04_22_220417_create_stops_table', 1),
('2016_04_22_221010_create_stop__times_table', 1),
('2016_05_27_184832_create_routes__status_table', 1),
('2016_06_04_165301_create_routes__reports_table', 1),
('2016_10_27_212759_create_stop_times__configs_table', 1);

-- --------------------------------------------------------

--
-- Estrutura da tabela `password_resets`
--

CREATE TABLE `password_resets` (
  `email` varchar(255) COLLATE utf8_unicode_ci NOT NULL,
  `token` varchar(255) COLLATE utf8_unicode_ci NOT NULL,
  `created_at` timestamp NOT NULL DEFAULT CURRENT_TIMESTAMP ON UPDATE CURRENT_TIMESTAMP
) ENGINE=InnoDB DEFAULT CHARSET=utf8 COLLATE=utf8_unicode_ci;

-- --------------------------------------------------------

--
-- Estrutura da tabela `routes`
--

CREATE TABLE `routes` (
  `route_id` int(10) UNSIGNED NOT NULL,
  `agency_id` int(11) NOT NULL,
  `user_id` int(11) NOT NULL,
  `route_short_name` varchar(50) COLLATE utf8_unicode_ci NOT NULL,
  `route_long_name` varchar(255) COLLATE utf8_unicode_ci NOT NULL,
  `route_type` int(11) NOT NULL,
  `created_at` timestamp NULL DEFAULT NULL,
  `updated_at` timestamp NULL DEFAULT NULL
) ENGINE=MyISAM DEFAULT CHARSET=utf8 COLLATE=utf8_unicode_ci;

--
-- Extraindo dados da tabela `routes`
--

INSERT INTO `routes` (`route_id`, `agency_id`, `user_id`, `route_short_name`, `route_long_name`, `route_type`, `created_at`, `updated_at`) VALUES
(1, 1, 1, 'LE 01', 'LE 01 - PUC / PITÁGORAS', 3, '2016-11-07 02:07:56', '2016-11-07 02:07:56');

-- --------------------------------------------------------

--
-- Estrutura da tabela `routes_reports`
--

CREATE TABLE `routes_reports` (
  `id` int(10) UNSIGNED NOT NULL,
  `route_id` int(11) NOT NULL,
  `reports` int(11) NOT NULL DEFAULT '0',
  `created_at` timestamp NULL DEFAULT NULL,
  `updated_at` timestamp NULL DEFAULT NULL
) ENGINE=MyISAM DEFAULT CHARSET=utf8 COLLATE=utf8_unicode_ci;

-- --------------------------------------------------------

--
-- Estrutura da tabela `routes_status`
--

CREATE TABLE `routes_status` (
  `id` int(10) UNSIGNED NOT NULL,
  `route_id` int(11) NOT NULL,
  `editing` tinyint(1) NOT NULL DEFAULT '0',
  `created_at` timestamp NULL DEFAULT NULL,
  `updated_at` timestamp NULL DEFAULT NULL
) ENGINE=MyISAM DEFAULT CHARSET=utf8 COLLATE=utf8_unicode_ci;

--
-- Extraindo dados da tabela `routes_status`
--

INSERT INTO `routes_status` (`id`, `route_id`, `editing`, `created_at`, `updated_at`) VALUES
(1, 1, 1, '2016-11-07 02:07:56', '2016-11-07 02:48:19');

-- --------------------------------------------------------

--
-- Estrutura da tabela `shapes`
--

CREATE TABLE `shapes` (
  `shape_id` int(11) NOT NULL,
  `shape_pt_lat` double(8,6) NOT NULL,
  `shape_pt_lon` double(8,6) NOT NULL,
  `shape_pt_sequence` int(11) NOT NULL,
  `created_at` timestamp NULL DEFAULT NULL,
  `updated_at` timestamp NULL DEFAULT NULL
) ENGINE=MyISAM DEFAULT CHARSET=utf8 COLLATE=utf8_unicode_ci;

--
-- Extraindo dados da tabela `shapes`
--

INSERT INTO `shapes` (`shape_id`, `shape_pt_lat`, `shape_pt_lon`, `shape_pt_sequence`, `created_at`, `updated_at`) VALUES
(1, -21.785796, -46.565278, 1, '2016-11-07 02:20:59', '2016-11-07 02:20:59'),
(1, -21.785717, -46.565766, 2, '2016-11-07 02:21:00', '2016-11-07 02:21:00'),
(1, -21.786110, -46.565831, 3, '2016-11-07 02:21:05', '2016-11-07 02:21:05'),
(1, -21.786454, -46.565911, 4, '2016-11-07 02:21:07', '2016-11-07 02:21:07'),
(1, -21.786718, -46.565949, 5, '2016-11-07 02:21:11', '2016-11-07 02:21:11'),
(1, -21.787081, -46.566013, 6, '2016-11-07 02:21:12', '2016-11-07 02:21:12'),
(1, -21.787520, -46.566083, 7, '2016-11-07 02:21:14', '2016-11-07 02:21:14'),
(1, -21.787854, -46.566136, 8, '2016-11-07 02:21:21', '2016-11-07 02:21:21'),
(1, -21.788307, -46.566217, 9, '2016-11-07 02:21:23', '2016-11-07 02:21:23'),
(1, -21.788237, -46.566753, 10, '2016-11-07 02:21:25', '2016-11-07 02:21:25'),
(1, -21.788133, -46.567419, 11, '2016-11-07 02:21:27', '2016-11-07 02:21:27'),
(1, -21.788068, -46.567816, 12, '2016-11-07 02:21:29', '2016-11-07 02:21:29'),
(1, -21.788068, -46.567939, 13, '2016-11-07 02:21:30', '2016-11-07 02:21:30'),
(1, -21.788128, -46.568073, 14, '2016-11-07 02:21:33', '2016-11-07 02:21:33'),
(1, -21.788192, -46.568202, 15, '2016-11-07 02:21:34', '2016-11-07 02:21:34'),
(1, -21.788207, -46.568325, 16, '2016-11-07 02:21:36', '2016-11-07 02:21:36'),
(1, -21.788207, -46.568454, 17, '2016-11-07 02:21:46', '2016-11-07 02:21:46'),
(1, -21.788068, -46.568642, 18, '2016-11-07 02:21:48', '2016-11-07 02:21:48'),
(1, -21.787834, -46.568926, 19, '2016-11-07 02:21:50', '2016-11-07 02:21:50'),
(1, -21.787684, -46.569124, 20, '2016-11-07 02:21:54', '2016-11-07 02:21:54'),
(1, -21.787605, -46.569344, 21, '2016-11-07 02:21:56', '2016-11-07 02:21:56'),
(1, -21.787545, -46.569538, 22, '2016-11-07 02:22:00', '2016-11-07 02:22:00'),
(1, -21.787505, -46.569752, 23, '2016-11-07 02:22:02', '2016-11-07 02:22:02'),
(1, -21.787420, -46.569993, 24, '2016-11-07 02:22:04', '2016-11-07 02:22:04'),
(1, -21.787251, -46.570208, 25, '2016-11-07 02:22:06', '2016-11-07 02:22:06'),
(1, -21.787047, -46.570471, 26, '2016-11-07 02:22:10', '2016-11-07 02:22:10'),
(1, -21.786808, -46.570750, 27, '2016-11-07 02:22:12', '2016-11-07 02:22:12'),
(1, -21.786623, -46.570959, 28, '2016-11-07 02:22:16', '2016-11-07 02:22:16'),
(1, -21.786434, -46.571184, 29, '2016-11-07 02:22:18', '2016-11-07 02:22:18'),
(1, -21.786354, -46.571367, 30, '2016-11-07 02:22:19', '2016-11-07 02:22:19'),
(1, -21.786344, -46.571646, 31, '2016-11-07 02:22:21', '2016-11-07 02:22:21'),
(1, -21.786235, -46.571796, 32, '2016-11-07 02:22:23', '2016-11-07 02:22:23'),
(1, -21.786060, -46.571892, 33, '2016-11-07 02:22:32', '2016-11-07 02:22:32'),
(1, -21.785926, -46.571871, 34, '2016-11-07 02:22:34', '2016-11-07 02:22:34'),
(1, -21.785801, -46.572053, 35, '2016-11-07 02:22:35', '2016-11-07 02:22:35'),
(1, -21.785771, -46.572606, 36, '2016-11-07 02:22:37', '2016-11-07 02:22:37'),
(1, -21.785747, -46.573277, 37, '2016-11-07 02:22:40', '2016-11-07 02:22:40'),
(1, -21.785682, -46.574237, 38, '2016-11-07 02:22:43', '2016-11-07 02:22:43'),
(1, -21.785652, -46.575068, 39, '2016-11-07 02:22:48', '2016-11-07 02:22:48'),
(1, -21.785587, -46.576152, 40, '2016-11-07 02:22:51', '2016-11-07 02:22:51'),
(1, -21.785507, -46.577273, 41, '2016-11-07 02:22:55', '2016-11-07 02:22:55'),
(1, -21.785423, -46.578695, 42, '2016-11-07 02:23:00', '2016-11-07 02:23:00'),
(1, -21.785348, -46.579923, 43, '2016-11-07 02:23:04', '2016-11-07 02:23:04'),
(1, -21.785298, -46.580964, 44, '2016-11-07 02:23:07', '2016-11-07 02:23:07'),
(1, -21.785199, -46.582605, 45, '2016-11-07 02:23:26', '2016-11-07 02:23:26'),
(1, -21.785074, -46.584515, 46, '2016-11-07 02:23:29', '2016-11-07 02:23:29'),
(1, -21.785039, -46.585352, 47, '2016-11-07 02:23:59', '2016-11-07 02:23:59'),
(1, -21.784979, -46.586038, 48, '2016-11-07 02:24:00', '2016-11-07 02:24:00'),
(1, -21.784925, -46.587235, 49, '2016-11-07 02:24:03', '2016-11-07 02:24:03'),
(1, -21.784850, -46.588517, 50, '2016-11-07 02:24:05', '2016-11-07 02:24:05'),
(1, -21.784775, -46.589820, 51, '2016-11-07 02:24:09', '2016-11-07 02:24:09'),
(1, -21.784676, -46.591516, 52, '2016-11-07 02:24:20', '2016-11-07 02:24:20'),
(1, -21.785562, -46.591580, 53, '2016-11-07 02:24:31', '2016-11-07 02:24:31'),
(1, -21.786364, -46.591671, 54, '2016-11-07 02:24:35', '2016-11-07 02:24:35'),
(1, -21.787086, -46.591730, 55, '2016-11-07 02:24:39', '2016-11-07 02:24:39'),
(1, -21.787864, -46.591773, 56, '2016-11-07 02:24:41', '2016-11-07 02:24:41'),
(1, -21.788895, -46.591853, 57, '2016-11-07 02:24:44', '2016-11-07 02:24:44'),
(1, -21.789034, -46.592014, 58, '2016-11-07 02:24:51', '2016-11-07 02:24:51'),
(1, -21.789273, -46.592208, 59, '2016-11-07 02:24:52', '2016-11-07 02:24:52'),
(1, -21.789731, -46.592578, 60, '2016-11-07 02:24:55', '2016-11-07 02:24:55'),
(1, -21.790020, -46.592873, 61, '2016-11-07 02:24:56', '2016-11-07 02:24:56'),
(1, -21.790394, -46.593205, 62, '2016-11-07 02:24:58', '2016-11-07 02:24:58'),
(1, -21.790698, -46.593339, 63, '2016-11-07 02:24:59', '2016-11-07 02:24:59'),
(1, -21.791201, -46.593490, 64, '2016-11-07 02:25:00', '2016-11-07 02:25:00'),
(1, -21.791729, -46.593640, 65, '2016-11-07 02:25:13', '2016-11-07 02:25:13'),
(1, -21.792411, -46.593833, 66, '2016-11-07 02:25:16', '2016-11-07 02:25:16'),
(1, -21.793069, -46.594010, 67, '2016-11-07 02:25:18', '2016-11-07 02:25:18'),
(1, -21.793657, -46.594262, 68, '2016-11-07 02:25:20', '2016-11-07 02:25:20'),
(1, -21.794239, -46.594520, 69, '2016-11-07 02:25:23', '2016-11-07 02:25:23'),
(1, -21.795036, -46.594917, 70, '2016-11-07 02:25:24', '2016-11-07 02:25:24'),
(1, -21.795495, -46.595142, 71, '2016-11-07 02:25:36', '2016-11-07 02:25:36'),
(1, -21.795998, -46.595378, 72, '2016-11-07 02:25:38', '2016-11-07 02:25:38'),
(1, -21.796411, -46.595550, 73, '2016-11-07 02:25:41', '2016-11-07 02:25:41'),
(1, -21.796551, -46.595630, 74, '2016-11-07 02:25:43', '2016-11-07 02:25:43'),
(1, -21.796675, -46.595587, 75, '2016-11-07 02:25:48', '2016-11-07 02:25:48'),
(1, -21.796710, -46.595501, 76, '2016-11-07 02:25:49', '2016-11-07 02:25:49'),
(1, -21.796675, -46.595426, 77, '2016-11-07 02:25:50', '2016-11-07 02:25:50'),
(1, -21.796610, -46.595373, 78, '2016-11-07 02:25:51', '2016-11-07 02:25:51'),
(1, -21.796710, -46.595265, 79, '2016-11-07 02:25:52', '2016-11-07 02:25:52'),
(1, -21.796849, -46.595104, 80, '2016-11-07 02:25:55', '2016-11-07 02:25:55'),
(1, -21.797069, -46.594943, 81, '2016-11-07 02:25:56', '2016-11-07 02:25:56'),
(1, -21.797372, -46.594718, 82, '2016-11-07 02:26:00', '2016-11-07 02:26:00'),
(1, -21.797746, -46.594455, 83, '2016-11-07 02:26:01', '2016-11-07 02:26:01'),
(1, -21.797831, -46.594412, 84, '2016-11-07 02:26:09', '2016-11-07 02:26:09'),
(1, -21.798055, -46.594477, 85, '2016-11-07 02:26:12', '2016-11-07 02:26:12'),
(1, -21.798184, -46.594530, 86, '2016-11-07 02:26:14', '2016-11-07 02:26:14'),
(1, -21.798304, -46.594884, 87, '2016-11-07 02:26:16', '2016-11-07 02:26:16'),
(1, -21.798528, -46.595410, 88, '2016-11-07 02:26:19', '2016-11-07 02:26:19'),
(1, -21.798762, -46.595936, 89, '2016-11-07 02:26:26', '2016-11-07 02:26:26'),
(1, -21.798867, -46.596215, 90, '2016-11-07 02:26:28', '2016-11-07 02:26:28'),
(1, -21.799041, -46.596719, 91, '2016-11-07 02:26:30', '2016-11-07 02:26:30'),
(1, -21.799200, -46.597148, 92, '2016-11-07 02:26:34', '2016-11-07 02:26:34'),
(1, -21.799305, -46.597534, 93, '2016-11-07 02:26:35', '2016-11-07 02:26:35'),
(1, -21.799360, -46.597765, 94, '2016-11-07 02:26:38', '2016-11-07 02:26:38'),
(1, -21.799205, -46.598092, 95, '2016-11-07 02:26:40', '2016-11-07 02:26:40'),
(1, -21.799026, -46.598543, 96, '2016-11-07 02:26:41', '2016-11-07 02:26:41'),
(1, -21.798892, -46.598854, 97, '2016-11-07 02:26:45', '2016-11-07 02:26:45'),
(1, -21.798777, -46.599122, 98, '2016-11-07 02:26:46', '2016-11-07 02:26:46'),
(2, -21.798762, -46.599122, 1, '2016-11-07 02:28:05', '2016-11-07 02:28:05'),
(2, -21.798523, -46.599203, 2, '2016-11-07 02:28:07', '2016-11-07 02:28:07'),
(2, -21.798398, -46.599165, 3, '2016-11-07 02:28:11', '2016-11-07 02:28:11'),
(2, -21.798319, -46.599138, 4, '2016-11-07 02:28:12', '2016-11-07 02:28:12'),
(2, -21.798239, -46.599074, 5, '2016-11-07 02:28:13', '2016-11-07 02:28:13'),
(2, -21.798090, -46.598940, 6, '2016-11-07 02:28:16', '2016-11-07 02:28:16'),
(2, -21.797995, -46.598859, 7, '2016-11-07 02:28:17', '2016-11-07 02:28:17'),
(2, -21.797955, -46.598656, 8, '2016-11-07 02:28:21', '2016-11-07 02:28:21'),
(2, -21.797895, -46.598403, 9, '2016-11-07 02:28:23', '2016-11-07 02:28:23'),
(2, -21.797836, -46.598189, 10, '2016-11-07 02:28:30', '2016-11-07 02:28:30'),
(2, -21.797786, -46.597969, 11, '2016-11-07 02:28:32', '2016-11-07 02:28:32'),
(2, -21.797726, -46.597760, 12, '2016-11-07 02:28:33', '2016-11-07 02:28:33'),
(2, -21.797641, -46.597524, 13, '2016-11-07 02:28:37', '2016-11-07 02:28:37'),
(2, -21.797557, -46.597229, 14, '2016-11-07 02:28:38', '2016-11-07 02:28:38'),
(2, -21.797457, -46.596950, 15, '2016-11-07 02:28:39', '2016-11-07 02:28:39'),
(2, -21.797347, -46.596655, 16, '2016-11-07 02:28:41', '2016-11-07 02:28:41'),
(2, -21.797283, -46.596419, 17, '2016-11-07 02:28:42', '2016-11-07 02:28:42'),
(2, -21.797233, -46.596274, 18, '2016-11-07 02:28:42', '2016-11-07 02:28:42'),
(2, -21.797168, -46.596043, 19, '2016-11-07 02:28:43', '2016-11-07 02:28:43'),
(2, -21.797108, -46.595914, 20, '2016-11-07 02:28:46', '2016-11-07 02:28:46'),
(2, -21.797019, -46.595764, 21, '2016-11-07 02:28:47', '2016-11-07 02:28:47'),
(2, -21.796879, -46.595614, 22, '2016-11-07 02:28:50', '2016-11-07 02:28:50'),
(2, -21.796735, -46.595507, 23, '2016-11-07 02:28:54', '2016-11-07 02:28:54'),
(2, -21.796665, -46.595415, 24, '2016-11-07 02:29:01', '2016-11-07 02:29:01'),
(2, -21.796585, -46.595373, 25, '2016-11-07 02:29:02', '2016-11-07 02:29:02'),
(2, -21.796491, -46.595394, 26, '2016-11-07 02:29:03', '2016-11-07 02:29:03'),
(2, -21.796386, -46.595415, 27, '2016-11-07 02:29:04', '2016-11-07 02:29:04'),
(2, -21.796287, -46.595458, 28, '2016-11-07 02:29:06', '2016-11-07 02:29:06'),
(2, -21.796137, -46.595415, 29, '2016-11-07 02:29:07', '2016-11-07 02:29:07'),
(2, -21.795938, -46.595340, 30, '2016-11-07 02:29:14', '2016-11-07 02:29:14'),
(2, -21.795734, -46.595255, 31, '2016-11-07 02:29:17', '2016-11-07 02:29:17'),
(2, -21.795425, -46.595099, 32, '2016-11-07 02:29:20', '2016-11-07 02:29:20'),
(2, -21.795036, -46.594906, 33, '2016-11-07 02:29:22', '2016-11-07 02:29:22'),
(2, -21.794673, -46.594734, 34, '2016-11-07 02:29:26', '2016-11-07 02:29:26'),
(2, -21.794314, -46.594563, 35, '2016-11-07 02:29:27', '2016-11-07 02:29:27'),
(2, -21.793955, -46.594407, 36, '2016-11-07 02:29:32', '2016-11-07 02:29:32'),
(2, -21.793502, -46.594192, 37, '2016-11-07 02:29:34', '2016-11-07 02:29:34'),
(2, -21.793079, -46.594010, 38, '2016-11-07 02:29:36', '2016-11-07 02:29:36'),
(2, -21.792586, -46.593876, 39, '2016-11-07 02:29:38', '2016-11-07 02:29:38'),
(2, -21.792028, -46.593726, 40, '2016-11-07 02:29:40', '2016-11-07 02:29:40'),
(2, -21.791410, -46.593559, 41, '2016-11-07 02:29:41', '2016-11-07 02:29:41'),
(2, -21.790862, -46.593398, 42, '2016-11-07 02:29:43', '2016-11-07 02:29:43'),
(2, -21.790521, -46.593275, 43, '2016-11-07 02:30:48', '2016-11-07 02:30:48'),
(2, -21.790384, -46.593200, 44, '2016-11-07 02:30:50', '2016-11-07 02:30:50'),
(2, -21.790284, -46.593114, 45, '2016-11-07 02:30:51', '2016-11-07 02:30:51'),
(2, -21.790145, -46.592985, 46, '2016-11-07 02:30:52', '2016-11-07 02:30:52'),
(2, -21.790010, -46.592878, 47, '2016-11-07 02:30:53', '2016-11-07 02:30:53'),
(2, -21.789866, -46.592723, 48, '2016-11-07 02:30:54', '2016-11-07 02:30:54'),
(2, -21.789667, -46.592535, 49, '2016-11-07 02:30:59', '2016-11-07 02:30:59'),
(2, -21.789542, -46.592427, 50, '2016-11-07 02:30:59', '2016-11-07 02:30:59'),
(2, -21.789278, -46.592218, 51, '2016-11-07 02:31:07', '2016-11-07 02:31:07'),
(2, -21.789064, -46.592025, 52, '2016-11-07 02:31:09', '2016-11-07 02:31:09'),
(2, -21.788920, -46.591859, 53, '2016-11-07 02:31:11', '2016-11-07 02:31:11'),
(2, -21.788596, -46.591832, 54, '2016-11-07 02:31:13', '2016-11-07 02:31:13'),
(2, -21.788247, -46.591800, 55, '2016-11-07 02:31:25', '2016-11-07 02:31:25'),
(2, -21.787888, -46.591784, 56, '2016-11-07 02:31:27', '2016-11-07 02:31:27'),
(2, -21.787609, -46.591762, 57, '2016-11-07 02:31:29', '2016-11-07 02:31:29'),
(2, -21.787629, -46.591376, 58, '2016-11-07 02:31:31', '2016-11-07 02:31:31'),
(2, -21.787649, -46.591076, 59, '2016-11-07 02:31:32', '2016-11-07 02:31:32'),
(2, -21.787669, -46.590791, 60, '2016-11-07 02:31:35', '2016-11-07 02:31:35'),
(2, -21.787674, -46.590475, 61, '2016-11-07 02:31:36', '2016-11-07 02:31:36'),
(2, -21.787694, -46.590067, 62, '2016-11-07 02:31:38', '2016-11-07 02:31:38'),
(2, -21.787669, -46.589756, 63, '2016-11-07 02:31:39', '2016-11-07 02:31:39'),
(2, -21.787609, -46.589488, 64, '2016-11-07 02:31:40', '2016-11-07 02:31:40'),
(2, -21.787535, -46.589102, 65, '2016-11-07 02:31:42', '2016-11-07 02:31:42'),
(2, -21.787435, -46.588672, 66, '2016-11-07 02:31:44', '2016-11-07 02:31:44'),
(2, -21.787365, -46.588324, 67, '2016-11-07 02:31:46', '2016-11-07 02:31:46'),
(2, -21.787291, -46.587980, 68, '2016-11-07 02:31:51', '2016-11-07 02:31:51'),
(2, -21.787211, -46.587557, 69, '2016-11-07 02:31:52', '2016-11-07 02:31:52'),
(2, -21.787141, -46.587278, 70, '2016-11-07 02:31:53', '2016-11-07 02:31:53'),
(2, -21.787072, -46.587009, 71, '2016-11-07 02:31:57', '2016-11-07 02:31:57'),
(2, -21.787012, -46.586693, 72, '2016-11-07 02:32:02', '2016-11-07 02:32:02'),
(2, -21.786917, -46.586376, 73, '2016-11-07 02:32:03', '2016-11-07 02:32:03'),
(2, -21.786892, -46.586258, 74, '2016-11-07 02:32:04', '2016-11-07 02:32:04'),
(2, -21.786847, -46.586146, 75, '2016-11-07 02:32:27', '2016-11-07 02:32:27'),
(2, -21.786713, -46.586124, 76, '2016-11-07 02:32:28', '2016-11-07 02:32:28'),
(2, -21.786608, -46.586146, 77, '2016-11-07 02:32:29', '2016-11-07 02:32:29'),
(2, -21.786469, -46.586167, 78, '2016-11-07 02:32:30', '2016-11-07 02:32:30'),
(2, -21.786195, -46.586189, 79, '2016-11-07 02:32:33', '2016-11-07 02:32:33'),
(2, -21.785886, -46.586210, 80, '2016-11-07 02:32:35', '2016-11-07 02:32:35'),
(2, -21.785463, -46.586226, 81, '2016-11-07 02:32:36', '2016-11-07 02:32:36'),
(2, -21.785353, -46.586237, 82, '2016-11-07 02:32:44', '2016-11-07 02:32:44'),
(2, -21.785433, -46.585566, 83, '2016-11-07 02:32:46', '2016-11-07 02:32:46'),
(2, -21.785458, -46.585175, 84, '2016-11-07 02:32:47', '2016-11-07 02:32:47'),
(2, -21.785492, -46.584488, 85, '2016-11-07 02:32:49', '2016-11-07 02:32:49'),
(2, -21.785522, -46.583952, 86, '2016-11-07 02:32:51', '2016-11-07 02:32:51'),
(2, -21.785552, -46.583362, 87, '2016-11-07 02:32:52', '2016-11-07 02:32:52'),
(2, -21.785572, -46.582868, 88, '2016-11-07 02:32:53', '2016-11-07 02:32:53'),
(2, -21.785587, -46.582337, 89, '2016-11-07 02:32:56', '2016-11-07 02:32:56'),
(2, -21.785627, -46.581586, 90, '2016-11-07 02:32:57', '2016-11-07 02:32:57'),
(2, -21.785667, -46.580942, 91, '2016-11-07 02:32:58', '2016-11-07 02:32:58'),
(2, -21.785707, -46.580336, 92, '2016-11-07 02:33:05', '2016-11-07 02:33:05'),
(2, -21.785747, -46.579751, 93, '2016-11-07 02:33:08', '2016-11-07 02:33:08'),
(2, -21.785771, -46.579285, 94, '2016-11-07 02:33:09', '2016-11-07 02:33:09'),
(2, -21.785806, -46.578684, 95, '2016-11-07 02:33:10', '2016-11-07 02:33:10'),
(2, -21.785846, -46.578056, 96, '2016-11-07 02:33:12', '2016-11-07 02:33:12'),
(2, -21.785876, -46.577466, 97, '2016-11-07 02:33:24', '2016-11-07 02:33:24'),
(2, -21.785916, -46.576817, 98, '2016-11-07 02:33:25', '2016-11-07 02:33:25'),
(2, -21.785956, -46.576243, 99, '2016-11-07 02:33:26', '2016-11-07 02:33:26'),
(2, -21.785996, -46.575572, 100, '2016-11-07 02:33:28', '2016-11-07 02:33:28'),
(2, -21.786030, -46.575004, 101, '2016-11-07 02:33:31', '2016-11-07 02:33:31'),
(2, -21.786055, -46.574414, 102, '2016-11-07 02:33:32', '2016-11-07 02:33:32'),
(2, -21.786095, -46.573738, 103, '2016-11-07 02:33:34', '2016-11-07 02:33:34'),
(2, -21.786150, -46.572928, 104, '2016-11-07 02:33:37', '2016-11-07 02:33:37'),
(2, -21.786175, -46.572585, 105, '2016-11-07 02:33:39', '2016-11-07 02:33:39'),
(2, -21.786289, -46.572166, 106, '2016-11-07 02:33:40', '2016-11-07 02:33:40'),
(2, -21.786334, -46.571828, 107, '2016-11-07 02:33:43', '2016-11-07 02:33:43'),
(2, -21.786334, -46.571571, 108, '2016-11-07 02:33:44', '2016-11-07 02:33:44'),
(2, -21.786369, -46.571313, 109, '2016-11-07 02:33:45', '2016-11-07 02:33:45'),
(2, -21.786449, -46.571152, 110, '2016-11-07 02:33:48', '2016-11-07 02:33:48'),
(2, -21.786618, -46.570959, 111, '2016-11-07 02:33:49', '2016-11-07 02:33:49'),
(2, -21.786713, -46.570836, 112, '2016-11-07 02:33:50', '2016-11-07 02:33:50'),
(2, -21.786967, -46.570557, 113, '2016-11-07 02:33:51', '2016-11-07 02:33:51'),
(2, -21.787365, -46.570053, 114, '2016-11-07 02:33:53', '2016-11-07 02:33:53'),
(2, -21.787470, -46.569902, 115, '2016-11-07 02:33:59', '2016-11-07 02:33:59'),
(2, -21.787565, -46.569505, 116, '2016-11-07 02:34:01', '2016-11-07 02:34:01'),
(2, -21.787619, -46.569237, 117, '2016-11-07 02:34:03', '2016-11-07 02:34:03'),
(2, -21.787819, -46.568915, 118, '2016-11-07 02:34:04', '2016-11-07 02:34:04'),
(2, -21.788123, -46.568567, 119, '2016-11-07 02:34:08', '2016-11-07 02:34:08'),
(2, -21.788456, -46.568111, 120, '2016-11-07 02:34:09', '2016-11-07 02:34:09'),
(2, -21.788705, -46.567762, 121, '2016-11-07 02:34:11', '2016-11-07 02:34:11'),
(2, -21.788999, -46.567354, 122, '2016-11-07 02:34:31', '2016-11-07 02:34:31'),
(2, -21.789258, -46.567027, 123, '2016-11-07 02:34:34', '2016-11-07 02:34:34'),
(2, -21.789477, -46.566689, 124, '2016-11-07 02:34:35', '2016-11-07 02:34:35'),
(2, -21.789727, -46.566442, 125, '2016-11-07 02:34:37', '2016-11-07 02:34:37'),
(2, -21.790115, -46.566507, 126, '2016-11-07 02:34:40', '2016-11-07 02:34:40'),
(2, -21.790309, -46.566528, 127, '2016-11-07 02:34:44', '2016-11-07 02:34:44'),
(2, -21.790384, -46.566163, 128, '2016-11-07 02:34:45', '2016-11-07 02:34:45'),
(2, -21.790444, -46.565772, 129, '2016-11-07 02:34:46', '2016-11-07 02:34:46'),
(2, -21.790499, -46.565423, 130, '2016-11-07 02:34:48', '2016-11-07 02:34:48'),
(2, -21.790085, -46.565353, 131, '2016-11-07 02:35:35', '2016-11-07 02:35:35'),
(2, -21.789547, -46.565257, 132, '2016-11-07 02:35:38', '2016-11-07 02:35:38'),
(2, -21.788959, -46.565160, 133, '2016-11-07 02:35:44', '2016-11-07 02:35:44'),
(2, -21.788252, -46.565037, 134, '2016-11-07 02:35:47', '2016-11-07 02:35:47'),
(2, -21.787614, -46.564929, 135, '2016-11-07 02:35:49', '2016-11-07 02:35:49'),
(2, -21.786852, -46.564785, 136, '2016-11-07 02:35:51', '2016-11-07 02:35:51'),
(2, -21.786090, -46.564661, 137, '2016-11-07 02:35:56', '2016-11-07 02:35:56'),
(2, -21.785881, -46.564613, 138, '2016-11-07 02:35:59', '2016-11-07 02:35:59'),
(2, -21.785811, -46.565139, 139, '2016-11-07 02:36:04', '2016-11-07 02:36:04');

-- --------------------------------------------------------

--
-- Estrutura da tabela `stops`
--

CREATE TABLE `stops` (
  `stop_id` int(10) UNSIGNED NOT NULL,
  `stop_name` varchar(60) COLLATE utf8_unicode_ci NOT NULL,
  `stop_lat` double(8,6) NOT NULL,
  `stop_lon` double(8,6) NOT NULL,
  `created_at` timestamp NULL DEFAULT NULL,
  `updated_at` timestamp NULL DEFAULT NULL
) ENGINE=MyISAM DEFAULT CHARSET=utf8 COLLATE=utf8_unicode_ci;

--
-- Extraindo dados da tabela `stops`
--

INSERT INTO `stops` (`stop_id`, `stop_name`, `stop_lat`, `stop_lon`, `created_at`, `updated_at`) VALUES
(1, 'ESTAÇÃO CENTRAL', -21.785810, -46.565208, '2016-11-07 02:15:46', '2016-11-07 02:15:46'),
(2, 'PONTO FINAL', -21.798741, -46.599138, '2016-11-07 02:16:56', '2016-11-07 02:16:56'),
(3, 'ESTAÇÃO CENTRAL', -21.785819, -46.565214, '2016-11-07 02:17:34', '2016-11-07 02:17:34'),
(4, 'PONTO FINAL', -21.798745, -46.599122, '2016-11-07 02:18:00', '2016-11-07 02:18:00');

-- --------------------------------------------------------

--
-- Estrutura da tabela `stop_times`
--

CREATE TABLE `stop_times` (
  `stoptimes_id` int(10) UNSIGNED NOT NULL,
  `trip_id` int(11) NOT NULL,
  `arrival_time` varchar(8) COLLATE utf8_unicode_ci NOT NULL,
  `departure_time` varchar(8) COLLATE utf8_unicode_ci NOT NULL,
  `stop_id` int(11) NOT NULL,
  `stop_sequence` int(11) NOT NULL,
  `created_at` timestamp NULL DEFAULT NULL,
  `updated_at` timestamp NULL DEFAULT NULL
) ENGINE=MyISAM DEFAULT CHARSET=utf8 COLLATE=utf8_unicode_ci;

--
-- Extraindo dados da tabela `stop_times`
--

INSERT INTO `stop_times` (`stoptimes_id`, `trip_id`, `arrival_time`, `departure_time`, `stop_id`, `stop_sequence`, `created_at`, `updated_at`) VALUES
(2, 1, '06:30:00', '06:30:00', 1, 1, '2016-11-07 02:45:44', '2016-11-07 02:45:44'),
(3, 1, '07:45:00', '07:45:00', 1, 1, '2016-11-07 02:46:47', '2016-11-07 02:46:47'),
(4, 1, '08:30:00', '08:30:00', 1, 1, '2016-11-07 02:47:02', '2016-11-07 02:47:02'),
(5, 1, '13:00:00', '13:00:00', 1, 1, '2016-11-07 02:48:41', '2016-11-07 02:48:41'),
(6, 1, '16:40:00', '16:40:00', 1, 1, '2016-11-07 02:49:00', '2016-11-07 02:49:00'),
(7, 1, '17:40:00', '17:40:00', 1, 1, '2016-11-07 02:49:14', '2016-11-07 02:49:14'),
(8, 1, '18:30:00', '18:30:00', 1, 1, '2016-11-07 02:49:26', '2016-11-07 02:49:26'),
(9, 1, '18:45:00', '18:45:00', 1, 1, '2016-11-07 02:49:34', '2016-11-07 02:49:34'),
(11, 2, '12:10:00', '12:10:00', 4, 1, '2016-11-07 02:50:39', '2016-11-07 02:50:39'),
(12, 2, '12:20:00', '12:20:00', 4, 1, '2016-11-07 02:50:47', '2016-11-07 02:50:47'),
(13, 2, '17:10:00', '17:10:00', 4, 1, '2016-11-07 02:50:55', '2016-11-07 02:50:55'),
(14, 2, '18:00:00', '18:00:00', 4, 1, '2016-11-07 02:51:03', '2016-11-07 02:51:03'),
(15, 2, '22:20:00', '22:20:00', 4, 1, '2016-11-07 02:51:12', '2016-11-07 02:51:12'),
(16, 2, '22:40:00', '22:40:00', 4, 1, '2016-11-07 02:51:18', '2016-11-07 02:51:18');

-- --------------------------------------------------------

--
-- Estrutura da tabela `stop_times_configs`
--

CREATE TABLE `stop_times_configs` (
  `id` int(10) UNSIGNED NOT NULL,
  `trip_id` int(11) NOT NULL,
  `stop_id` int(11) NOT NULL,
  `created_at` timestamp NULL DEFAULT NULL,
  `updated_at` timestamp NULL DEFAULT NULL
) ENGINE=MyISAM DEFAULT CHARSET=utf8 COLLATE=utf8_unicode_ci;

--
-- Extraindo dados da tabela `stop_times_configs`
--

INSERT INTO `stop_times_configs` (`id`, `trip_id`, `stop_id`, `created_at`, `updated_at`) VALUES
(1, 1, 1, '2016-11-07 02:15:46', '2016-11-07 02:15:46'),
(2, 1, 2, '2016-11-07 02:16:56', '2016-11-07 02:16:56'),
(3, 2, 3, '2016-11-07 02:17:34', '2016-11-07 02:17:34'),
(4, 2, 4, '2016-11-07 02:18:00', '2016-11-07 02:18:00');

-- --------------------------------------------------------

--
-- Estrutura da tabela `trips`
--

CREATE TABLE `trips` (
  `route_id` int(11) NOT NULL,
  `service_id` int(11) NOT NULL,
  `trip_id` int(10) UNSIGNED NOT NULL,
  `trip_short_name` varchar(60) COLLATE utf8_unicode_ci NOT NULL,
  `created_at` timestamp NULL DEFAULT NULL,
  `updated_at` timestamp NULL DEFAULT NULL
) ENGINE=MyISAM DEFAULT CHARSET=utf8 COLLATE=utf8_unicode_ci;

--
-- Extraindo dados da tabela `trips`
--

INSERT INTO `trips` (`route_id`, `service_id`, `trip_id`, `trip_short_name`, `created_at`, `updated_at`) VALUES
(1, 1, 1, 'TRAJETO IDA', '2016-11-07 02:09:03', '2016-11-07 02:09:03'),
(1, 2, 2, 'TRAJETO VOLTA', '2016-11-07 02:09:09', '2016-11-07 02:09:09');

-- --------------------------------------------------------

--
-- Estrutura da tabela `users`
--

CREATE TABLE `users` (
  `id` int(10) UNSIGNED NOT NULL,
  `name` varchar(60) COLLATE utf8_unicode_ci NOT NULL,
  `email` varchar(255) COLLATE utf8_unicode_ci NOT NULL,
  `password` varchar(60) COLLATE utf8_unicode_ci NOT NULL,
  `remember_token` varchar(100) COLLATE utf8_unicode_ci DEFAULT NULL,
  `created_at` timestamp NULL DEFAULT NULL,
  `updated_at` timestamp NULL DEFAULT NULL
) ENGINE=InnoDB DEFAULT CHARSET=utf8 COLLATE=utf8_unicode_ci;

--
-- Extraindo dados da tabela `users`
--

INSERT INTO `users` (`id`, `name`, `email`, `password`, `remember_token`, `created_at`, `updated_at`) VALUES
(1, 'Deividy', 'deividy_henrique@hotmail.com', '$2y$10$.JWvyxFoDsZT0eFQG7hoW.HHQ0oFjcJTYQb1WSjJSN0R6s.HfCSNS', NULL, '2018-09-08 20:12:41', '2018-09-08 20:12:41');

--
-- Indexes for dumped tables
--

--
-- Indexes for table `agencies`
--
ALTER TABLE `agencies`
  ADD PRIMARY KEY (`agency_id`),
  ADD UNIQUE KEY `agencies_agency_name_unique` (`agency_name`);

--
-- Indexes for table `calendars`
--
ALTER TABLE `calendars`
  ADD PRIMARY KEY (`service_id`);

--
-- Indexes for table `password_resets`
--
ALTER TABLE `password_resets`
  ADD KEY `password_resets_email_index` (`email`),
  ADD KEY `password_resets_token_index` (`token`);

--
-- Indexes for table `routes`
--
ALTER TABLE `routes`
  ADD PRIMARY KEY (`route_id`),
  ADD KEY `routes_agency_id_foreign` (`agency_id`),
  ADD KEY `routes_user_id_foreign` (`user_id`);

--
-- Indexes for table `routes_reports`
--
ALTER TABLE `routes_reports`
  ADD PRIMARY KEY (`id`),
  ADD KEY `routes_reports_route_id_foreign` (`route_id`);

--
-- Indexes for table `routes_status`
--
ALTER TABLE `routes_status`
  ADD PRIMARY KEY (`id`),
  ADD KEY `routes_status_route_id_foreign` (`route_id`);

--
-- Indexes for table `shapes`
--
ALTER TABLE `shapes`
  ADD KEY `shapes_shape_id_foreign` (`shape_id`);

--
-- Indexes for table `stops`
--
ALTER TABLE `stops`
  ADD PRIMARY KEY (`stop_id`);

--
-- Indexes for table `stop_times`
--
ALTER TABLE `stop_times`
  ADD PRIMARY KEY (`stoptimes_id`),
  ADD KEY `stop_times_trip_id_foreign` (`trip_id`),
  ADD KEY `stop_times_stop_id_foreign` (`stop_id`);

--
-- Indexes for table `stop_times_configs`
--
ALTER TABLE `stop_times_configs`
  ADD PRIMARY KEY (`id`),
  ADD KEY `stop_times_configs_trip_id_foreign` (`trip_id`),
  ADD KEY `stop_times_configs_stop_id_foreign` (`stop_id`);

--
-- Indexes for table `trips`
--
ALTER TABLE `trips`
  ADD PRIMARY KEY (`trip_id`),
  ADD KEY `trips_route_id_foreign` (`route_id`),
  ADD KEY `trips_service_id_foreign` (`service_id`);

--
-- Indexes for table `users`
--
ALTER TABLE `users`
  ADD PRIMARY KEY (`id`),
  ADD UNIQUE KEY `users_name_unique` (`name`),
  ADD UNIQUE KEY `users_email_unique` (`email`);

--
-- AUTO_INCREMENT for dumped tables
--

--
-- AUTO_INCREMENT for table `agencies`
--
ALTER TABLE `agencies`
  MODIFY `agency_id` int(10) UNSIGNED NOT NULL AUTO_INCREMENT, AUTO_INCREMENT=2;
--
-- AUTO_INCREMENT for table `calendars`
--
ALTER TABLE `calendars`
  MODIFY `service_id` int(10) UNSIGNED NOT NULL AUTO_INCREMENT, AUTO_INCREMENT=3;
--
-- AUTO_INCREMENT for table `routes`
--
ALTER TABLE `routes`
  MODIFY `route_id` int(10) UNSIGNED NOT NULL AUTO_INCREMENT, AUTO_INCREMENT=2;
--
-- AUTO_INCREMENT for table `routes_reports`
--
ALTER TABLE `routes_reports`
  MODIFY `id` int(10) UNSIGNED NOT NULL AUTO_INCREMENT;
--
-- AUTO_INCREMENT for table `routes_status`
--
ALTER TABLE `routes_status`
  MODIFY `id` int(10) UNSIGNED NOT NULL AUTO_INCREMENT, AUTO_INCREMENT=2;
--
-- AUTO_INCREMENT for table `stops`
--
ALTER TABLE `stops`
  MODIFY `stop_id` int(10) UNSIGNED NOT NULL AUTO_INCREMENT, AUTO_INCREMENT=5;
--
-- AUTO_INCREMENT for table `stop_times`
--
ALTER TABLE `stop_times`
  MODIFY `stoptimes_id` int(10) UNSIGNED NOT NULL AUTO_INCREMENT, AUTO_INCREMENT=17;
--
-- AUTO_INCREMENT for table `stop_times_configs`
--
ALTER TABLE `stop_times_configs`
  MODIFY `id` int(10) UNSIGNED NOT NULL AUTO_INCREMENT, AUTO_INCREMENT=5;
--
-- AUTO_INCREMENT for table `trips`
--
ALTER TABLE `trips`
  MODIFY `trip_id` int(10) UNSIGNED NOT NULL AUTO_INCREMENT, AUTO_INCREMENT=3;
--
-- AUTO_INCREMENT for table `users`
--
ALTER TABLE `users`
  MODIFY `id` int(10) UNSIGNED NOT NULL AUTO_INCREMENT, AUTO_INCREMENT=2;
/*!40101 SET CHARACTER_SET_CLIENT=@OLD_CHARACTER_SET_CLIENT */;
/*!40101 SET CHARACTER_SET_RESULTS=@OLD_CHARACTER_SET_RESULTS */;
/*!40101 SET COLLATION_CONNECTION=@OLD_COLLATION_CONNECTION */;
